{
  "project_info": {
    "project_number": "1056045766010",
    "project_id": "papb1-12",
    "storage_bucket": "papb1-12.appspot.com"
  },
  "client": [
    {
      "client_info": {
        "mobilesdk_app_id": "1:1056045766010:android:863941f1be0cab6e46b2c3",
        "android_client_info": {
          "package_name": "com.example.myapplication"
        }
      },
      "oauth_client": [
        {
          "client_id": "1056045766010-tq7vo5o9pgdbi0v137ccblc2k7n1udf2.apps.googleusercontent.com",
          "client_type": 3
        }
      ],
      "api_key": [
        {
          "current_key": "AIzaSyBygVmFGU1FeQHPMnPKjR1FLA2DApN2HgM"
        }
      ],
      "services": {
        "appinvite_service": {
          "other_platform_oauth_client": [
            {
              "client_id": "1056045766010-tq7vo5o9pgdbi0v137ccblc2k7n1udf2.apps.googleusercontent.com",
              "client_type": 3
            }
          ]
        }
      }
    }
  ],
  "configuration_version": "1"
}